{
  "train_results": {
    "demonstrations": 111,
    "environment steps": 4634
  },
  "eval_results": {
    "summary statistics": {
      "success rate": {
        "mean": 0.9640000000000001,
        "std": 0.008000000000000007,
        "min": 0.96,
        "max": 0.98,
        "values": [
          0.96,
          0.96,
          0.96,
          0.98,
          0.96
        ]
      },
      "wall clock time per episode": {
        "mean": 5.489934822082519,
        "std": 1.19754354547676,
        "min": 3.098237648010254,
        "max": 6.179814763069153,
        "values": [
          5.983998084068299,
          6.115830855369568,
          6.179814763069153,
          3.098237648010254,
          6.071792759895325
        ]
      },
      "steps per success episode": {
        "mean": 42.940136054421764,
        "std": 1.2355727005345583,
        "min": 41.541666666666664,
        "max": 44.875,
        "values": [
          44.875,
          41.541666666666664,
          42.0625,
          42.36734693877551,
          43.854166666666664
        ]
      }
    }
  },
  "detailed eval results for each seed": {
    "0": {
      "Successes": [
        true,
        true,
        true,
        true,
        true,
        true,
        true,
        true,
        true,
        true,
        true,
        true,
        true,
        true,
        true,
        true,
        true,
        false,
        true,
        true,
        true,
        true,
        true,
        true,
        true,
        false,
        true,
        true,
        true,
        true,
        true,
        true,
        true,
        true,
        true,
        true,
        true,
        true,
        true,
        true,
        true,
        true,
        true,
        true,
        true,
        true,
        true,
        true,
        true,
        true
      ],
      "Steps": [
        41.0,
        44.0,
        41.0,
        41.0,
        40.0,
        182.0,
        45.0,
        42.0,
        42.0,
        41.0,
        40.0,
        40.0,
        42.0,
        44.0,
        41.0,
        41.0,
        41.0,
        500.0,
        41.0,
        43.0,
        43.0,
        40.0,
        45.0,
        40.0,
        42.0,
        500.0,
        44.0,
        41.0,
        47.0,
        42.0,
        42.0,
        45.0,
        41.0,
        41.0,
        42.0,
        42.0,
        41.0,
        41.0,
        45.0,
        41.0,
        40.0,
        41.0,
        40.0,
        44.0,
        42.0,
        42.0,
        46.0,
        40.0,
        41.0,
        41.0
      ]
    },
    "1": {
      "Successes": [
        true,
        true,
        true,
        true,
        true,
        true,
        true,
        true,
        true,
        true,
        true,
        true,
        true,
        true,
        true,
        true,
        false,
        true,
        true,
        true,
        true,
        true,
        true,
        true,
        false,
        true,
        true,
        true,
        true,
        true,
        true,
        true,
        true,
        true,
        true,
        true,
        true,
        true,
        true,
        true,
        true,
        true,
        true,
        true,
        true,
        true,
        true,
        true,
        true,
        true
      ],
      "Steps": [
        42.0,
        41.0,
        41.0,
        41.0,
        43.0,
        42.0,
        41.0,
        41.0,
        41.0,
        40.0,
        40.0,
        42.0,
        42.0,
        42.0,
        42.0,
        41.0,
        500.0,
        40.0,
        40.0,
        42.0,
        40.0,
        41.0,
        40.0,
        41.0,
        500.0,
        43.0,
        42.0,
        47.0,
        41.0,
        42.0,
        41.0,
        41.0,
        40.0,
        41.0,
        41.0,
        41.0,
        42.0,
        46.0,
        40.0,
        41.0,
        40.0,
        40.0,
        43.0,
        42.0,
        42.0,
        47.0,
        40.0,
        41.0,
        43.0,
        41.0
      ]
    },
    "2": {
      "Successes": [
        true,
        true,
        true,
        true,
        true,
        true,
        true,
        true,
        true,
        true,
        true,
        true,
        true,
        true,
        true,
        false,
        true,
        true,
        true,
        true,
        true,
        true,
        true,
        false,
        true,
        true,
        true,
        true,
        true,
        true,
        true,
        true,
        true,
        true,
        true,
        true,
        true,
        true,
        true,
        true,
        true,
        true,
        true,
        true,
        true,
        true,
        true,
        true,
        true,
        true
      ],
      "Steps": [
        41.0,
        41.0,
        40.0,
        43.0,
        43.0,
        43.0,
        42.0,
        42.0,
        41.0,
        41.0,
        53.0,
        44.0,
        43.0,
        40.0,
        41.0,
        500.0,
        41.0,
        43.0,
        41.0,
        41.0,
        41.0,
        41.0,
        41.0,
        500.0,
        44.0,
        43.0,
        46.0,
        41.0,
        42.0,
        41.0,
        43.0,
        40.0,
        43.0,
        42.0,
        41.0,
        41.0,
        44.0,
        41.0,
        41.0,
        42.0,
        40.0,
        43.0,
        41.0,
        41.0,
        46.0,
        42.0,
        41.0,
        41.0,
        41.0,
        41.0
      ]
    },
    "3": {
      "Successes": [
        true,
        true,
        true,
        true,
        true,
        true,
        true,
        true,
        true,
        true,
        true,
        true,
        true,
        true,
        true,
        true,
        true,
        true,
        true,
        true,
        true,
        true,
        false,
        true,
        true,
        true,
        true,
        true,
        true,
        true,
        true,
        true,
        true,
        true,
        true,
        true,
        true,
        true,
        true,
        true,
        true,
        true,
        true,
        true,
        true,
        true,
        true,
        true,
        true,
        true
      ],
      "Steps": [
        44.0,
        40.0,
        43.0,
        42.0,
        42.0,
        42.0,
        41.0,
        41.0,
        40.0,
        86.0,
        44.0,
        41.0,
        41.0,
        41.0,
        40.0,
        40.0,
        42.0,
        42.0,
        40.0,
        41.0,
        40.0,
        41.0,
        500.0,
        44.0,
        41.0,
        45.0,
        41.0,
        41.0,
        44.0,
        42.0,
        40.0,
        41.0,
        41.0,
        41.0,
        42.0,
        43.0,
        41.0,
        40.0,
        40.0,
        40.0,
        42.0,
        41.0,
        41.0,
        46.0,
        40.0,
        43.0,
        41.0,
        41.0,
        40.0,
        40.0
      ]
    },
    "4": {
      "Successes": [
        true,
        true,
        true,
        true,
        true,
        true,
        true,
        true,
        true,
        true,
        true,
        true,
        true,
        false,
        true,
        true,
        true,
        true,
        true,
        true,
        true,
        false,
        true,
        true,
        true,
        true,
        true,
        true,
        true,
        true,
        true,
        true,
        true,
        true,
        true,
        true,
        true,
        true,
        true,
        true,
        true,
        true,
        true,
        true,
        true,
        true,
        true,
        true,
        true,
        true
      ],