{
  "train_results": {
    "demonstrations": 112,
    "environment steps": 9045
  },
  "eval_results": {
    "summary statistics": {
      "success rate": {
        "mean": 0.932,
        "std": 0.027129319932501058,
        "min": 0.88,
        "max": 0.96,
        "values": [
          0.88,
          0.94,
          0.94,
          0.96,
          0.94
        ]
      },
      "wall clock time per episode": {
        "mean": 7.930412739753723,
        "std": 0.5637770976498372,
        "min": 7.226211371421814,
        "max": 8.82243103981018,
        "values": [
          8.82243103981018,
          7.226211371421814,
          8.161315445899964,
          8.000916938781739,
          7.441188902854919
        ]
      },
      "steps per success episode": {
        "mean": 104.72503223726628,
        "std": 8.35010274281145,
        "min": 97.44680851063829,
        "max": 120.59574468085107,
        "values": [
          104.61363636363636,
          97.44680851063829,
          98.51063829787235,
          102.45833333333333,
          120.59574468085107
        ]
      }
    }
  },
  "detailed eval results for each seed": {
    "0": {
      "Successes": [
        true,
        false,
        true,
        true,
        true,
        true,
        true,
        true,
        true,
        false,
        true,
        true,
        true,
        true,
        false,
        true,
        true,
        true,
        true,
        true,
        true,
        true,
        true,
        true,
        true,
        true,
        true,
        true,
        true,
        true,
        true,
        false,
        true,
        true,
        true,
        true,
        true,
        false,
        true,
        true,
        true,
        true,
        false,
        true,
        true,
        true,
        true,
        true,
        true,
        true
      ],
      "Steps": [
        94.0,
        500.0,
        51.0,
        139.0,
        214.0,
        91.0,
        91.0,
        112.0,
        199.0,
        500.0,
        96.0,
        145.0,
        101.0,
        122.0,
        500.0,
        61.0,
        93.0,
        78.0,
        75.0,
        50.0,
        69.0,
        154.0,
        111.0,
        62.0,
        124.0,
        328.0,
        75.0,
        65.0,
        101.0,
        168.0,
        52.0,
        500.0,
        103.0,
        74.0,
        49.0,
        90.0,
        69.0,
        500.0,
        127.0,
        146.0,
        58.0,
        93.0,
        500.0,
        109.0,
        78.0,
        70.0,
        83.0,
        192.0,
        80.0,
        61.0
      ]
    },
    "1": {
      "Successes": [
        true,
        true,
        true,
        true,
        true,
        true,
        true,
        true,
        true,
        true,
        true,
        true,
        true,
        true,
        true,
        true,
        true,
        true,
        true,
        true,
        true,
        true,
        true,
        true,
        false,
        true,
        true,
        true,
        true,
        true,
        false,
        true,
        true,
        true,
        true,
        true,
        true,
        false,
        true,
        true,
        true,
        true,
        true,
        true,
        true,
        true,
        true,
        true,
        true,
        true
      ],
      "Steps": [
        166.0,
        57.0,
        103.0,
        106.0,
        169.0,
        72.0,
        297.0,
        119.0,
        147.0,
        67.0,
        129.0,
        74.0,
        119.0,
        67.0,
        73.0,
        103.0,
        105.0,
        72.0,
        55.0,
        97.0,
        209.0,
        98.0,
        62.0,
        168.0,
        500.0,
        67.0,
        93.0,
        70.0,
        163.0,
        53.0,
        500.0,
        72.0,
        79.0,
        47.0,
        80.0,
        76.0,
        114.0,
        500.0,
        89.0,
        44.0,
        63.0,
        66.0,
        75.0,
        74.0,
        116.0,
        79.0,
        108.0,
        72.0,
        55.0,
        91.0
      ]
    },
    "2": {
      "Successes": [
        true,
        true,
        true,
        true,
        true,
        true,
        true,
        true,
        true,
        true,
        true,
        true,
        true,
        true,
        false,
        true,
        true,
        true,
        true,
        true,
        true,
        true,
        true,
        true,
        true,
        true,
        true,
        false,
        true,
        true,
        true,
        true,
        true,
        true,
        true,
        true,
        true,
        true,
        true,
        false,
        true,
        true,
        true,
        true,
        true,
        true,
        true,
        true,
        true,
        true
      ],
      "Steps": [
        197.0,
        125.0,
        84.0,
        69.0,
        90.0,
        123.0,
        106.0,
        113.0,
        137.0,
        161.0,
        246.0,
        88.0,
        70.0,
        42.0,
        500.0,
        137.0,
        58.0,
        49.0,
        202.0,
        69.0,
        114.0,
        75.0,
        112.0,
        263.0,
        80.0,
        111.0,
        74.0,
        500.0,
        65.0,
        102.0,
        71.0,
        72.0,
        50.0,
        112.0,
        78.0,
        89.0,
        96.0,
        86.0,
        47.0,
        500.0,
        83.0,
        81.0,
        69.0,
        72.0,
        85.0,
        77.0,
        58.0,
        71.0,
        75.0,
        96.0
      ]
    },
    "3": {
      "Successes": [
        true,
        true,
        true,
        true,
        true,
        true,
        false,
        true,
        true,
        true,
        true,
        true,
        true,
        true,
        true,
        true,
        true,
        true,
        true,
        true,
        true,
        true,
        true,
        false,
        true,
        true,
        true,
        true,
        true,
        true,
        true,
        true,
        true,
        true,
        true,
        true,
        true,
        true,
        true,
        true,
        true,
        true,
        true,
        true,
        true,
        true,
        true,
        true,
        true,
        true
      ],
      "Steps": [
        100.0,
        82.0,
        79.0,
        82.0,
        133.0,
        113.0,
        500.0,
        69.0,
        411.0,
        80.0,
        95.0,
        63.0,
        93.0,
        92.0,
        88.0,
        96.0,
        57.0,
        217.0,
        141.0,
        120.0,
        58.0,
        70.0,
        253.0,
        500.0,
        84.0,
        67.0,
        131.0,
        71.0,
        128.0,
        75.0,
        118.0,
        48.0,
        123.0,
        77.0,
        161.0,
        91.0,
        80.0,
        43.0,
        74.0,
        103.0,
        73.0,
        71.0,
        66.0,
        80.0,
        88.0,
        62.0,
        62.0,
        182.0,
        104.0,
        64.0
      ]
    },
    "4": {
      "Successes": [
        true,
        true,
        true,
        true,
        true,
        true,
        true,
        true,
        true,
        true,
        true,
        true,
        true,
        true,
        true,
        true,
        true,
        true,
        true,
        true,
        true,
        false,
        true,
        true,
        true,
        false,
        true,
        false,
        true,
        true,
        true,
        true,
        true,
        true,
        true,
        true,
        true,
        true,
        true,
        true,
        true,
        true,
        true,
        true,
        true,
        true,
        true,
        true,
        true,
        true
      ],