{
  "train_results": {
    "demonstrations": 113,
    "environment steps": 12948
  },
  "eval_results": {
    "summary statistics": {
      "success rate": {
        "mean": 0.316,
        "std": 0.06118823416311342,
        "min": 0.22,
        "max": 0.4,
        "values": [
          0.22,
          0.4,
          0.34,
          0.28,
          0.34
        ]
      },
      "wall clock time per episode": {
        "mean": 10.82145309638977,
        "std": 0.7905680960584034,
        "min": 10.191344690322875,
        "max": 12.195622668266296,
        "values": [
          11.233984861373902,
          12.195622668266296,
          10.191344690322875,
          10.260110921859741,
          10.226202340126038
        ]
      },
      "steps per success episode": {
        "mean": 236.97215431627197,
        "std": 31.250792911928123,
        "min": 202.75,
        "max": 278.11764705882354,
        "values": [
          227.9090909090909,
          202.75,
          278.11764705882354,
          269.14285714285717,
          206.94117647058823
        ]
      }
    }
  },
  "detailed eval results for each seed": {
    "0": {
      "Successes": [
        true,
        false,
        false,
        false,
        false,
        false,
        false,
        false,
        false,
        true,
        false,
        false,
        false,
        false,
        true,
        true,
        false,
        false,
        false,
        false,
        false,
        false,
        true,
        false,
        false,
        false,
        false,
        false,
        true,
        true,
        false,
        false,
        false,
        true,
        false,
        false,
        true,
        false,
        true,
        false,
        false,
        false,
        false,
        false,
        false,
        true,
        false,
        false,
        false,
        false
      ],
      "Steps": [
        229.0,
        500.0,
        500.0,
        500.0,
        500.0,
        500.0,
        500.0,
        500.0,
        500.0,
        458.0,
        500.0,
        500.0,
        500.0,
        500.0,
        81.0,
        202.0,
        500.0,
        500.0,
        500.0,
        500.0,
        500.0,
        500.0,
        148.0,
        500.0,
        500.0,
        500.0,
        500.0,
        500.0,
        149.0,
        72.0,
        500.0,
        500.0,
        500.0,
        173.0,
        500.0,
        500.0,
        434.0,
        500.0,
        384.0,
        500.0,
        500.0,
        500.0,
        500.0,
        500.0,
        500.0,
        177.0,
        500.0,
        500.0,
        500.0,
        500.0
      ]
    },
    "1": {
      "Successes": [
        true,
        false,
        true,
        false,
        false,
        false,
        true,
        true,
        false,
        false,
        false,
        false,
        false,
        true,
        false,
        false,
        false,
        false,
        false,
        false,
        false,
        true,
        false,
        true,
        true,
        false,
        true,
        true,
        true,
        true,
        false,
        false,
        true,
        true,
        false,
        true,
        false,
        false,
        true,
        false,
        false,
        false,
        false,
        false,
        true,
        false,
        true,
        false,
        true,
        true
      ],
      "Steps": [
        187.0,
        500.0,
        216.0,
        500.0,
        500.0,
        500.0,
        445.0,
        40.0,
        500.0,
        500.0,
        500.0,
        500.0,
        500.0,
        222.0,
        500.0,
        500.0,
        500.0,
        500.0,
        500.0,
        500.0,
        500.0,
        192.0,
        500.0,
        304.0,
        154.0,
        500.0,
        200.0,
        384.0,
        75.0,
        462.0,
        500.0,
        500.0,
        132.0,
        109.0,
        500.0,
        225.0,
        500.0,
        500.0,
        298.0,
        500.0,
        500.0,
        500.0,
        500.0,
        500.0,
        61.0,
        500.0,
        147.0,
        500.0,
        94.0,
        108.0
      ]
    },
    "2": {
      "Successes": [
        false,
        true,
        true,
        false,
        false,
        false,
        false,
        false,
        false,
        true,
        false,
        true,
        true,
        false,
        false,
        false,
        false,
        false,
        false,
        false,
        false,
        true,
        true,
        false,
        false,
        false,
        true,
        false,
        false,
        false,
        true,
        false,
        true,
        false,
        false,
        true,
        true,
        false,
        true,
        true,
        false,
        false,
        true,
        true,
        false,
        false,
        false,
        false,
        false,
        true
      ],
      "Steps": [
        500.0,
        424.0,
        303.0,
        500.0,
        500.0,
        500.0,
        500.0,
        500.0,
        500.0,
        157.0,
        500.0,
        142.0,
        263.0,
        500.0,
        500.0,
        500.0,
        500.0,
        500.0,
        500.0,
        500.0,
        500.0,
        286.0,
        228.0,
        500.0,
        500.0,
        500.0,
        163.0,
        500.0,
        500.0,
        500.0,
        360.0,
        500.0,
        187.0,
        500.0,
        500.0,
        414.0,
        244.0,
        500.0,
        345.0,
        55.0,
        500.0,
        500.0,
        459.0,
        410.0,
        500.0,
        500.0,
        500.0,
        500.0,
        500.0,
        288.0
      ]
    },
    "3": {
      "Successes": [
        false,
        false,
        false,
        false,
        false,
        false,
        true,
        false,
        false,
        false,
        false,
        false,
        false,
        false,
        false,
        false,
        true,
        false,
        false,
        true,
        true,
        false,
        false,
        true,
        false,
        true,
        true,
        false,
        false,
        false,
        false,
        true,
        false,
        false,
        true,
        true,
        false,
        false,
        true,
        false,
        true,
        false,
        true,
        false,
        false,
        false,
        false,
        true,
        false,
        false
      ],
      "Steps": [
        500.0,
        500.0,
        500.0,
        500.0,
        500.0,
        500.0,
        460.0,
        500.0,
        500.0,
        500.0,
        500.0,
        500.0,
        500.0,
        500.0,
        500.0,
        500.0,
        339.0,
        500.0,
        500.0,
        241.0,
        189.0,
        500.0,
        500.0,
        129.0,
        500.0,
        342.0,
        81.0,
        500.0,
        500.0,
        500.0,
        500.0,
        410.0,
        500.0,
        500.0,
        469.0,
        128.0,
        500.0,
        500.0,
        275.0,
        500.0,
        415.0,
        500.0,
        157.0,
        500.0,
        500.0,
        500.0,
        500.0,
        133.0,
        500.0,
        500.0
      ]
    },