{
  "train_results": {
    "demonstrations": 114,
    "environment steps": 8141
  },
  "eval_results": {
    "summary statistics": {
      "success rate": {
        "mean": 0.6519999999999999,
        "std": 0.039191835884530825,
        "min": 0.62,
        "max": 0.7,
        "values": [
          0.62,
          0.62,
          0.7,
          0.7,
          0.62
        ]
      },
      "wall clock time per episode": {
        "mean": 8.668627438545226,
        "std": 0.016884585650684243,
        "min": 8.638026719093324,
        "max": 8.68339937210083,
        "values": [
          8.68339937210083,
          8.663608570098877,
          8.638026719093324,
          8.675287575721741,
          8.682814955711365
        ]
      },
      "steps per success episode": {
        "mean": 111.49511520737329,
        "std": 12.9466049413308,
        "min": 100.61290322580645,
        "max": 133.88571428571427,
        "values": [
          100.61290322580645,
          102.58064516129032,
          133.88571428571427,
          118.42857142857143,
          101.96774193548387
        ]
      }
    }
  },
  "detailed eval results for each seed": {
    "0": {
      "Successes": [
        false,
        true,
        true,
        true,
        true,
        true,
        true,
        false,
        true,
        false,
        true,
        true,
        false,
        true,
        false,
        true,
        false,
        true,
        true,
        false,
        false,
        false,
        true,
        true,
        true,
        true,
        false,
        true,
        false,
        true,
        true,
        true,
        true,
        false,
        true,
        true,
        false,
        false,
        true,
        true,
        false,
        true,
        true,
        false,
        false,
        true,
        true,
        false,
        true,
        false
      ],
      "Steps": [
        500.0,
        33.0,
        8.0,
        191.0,
        5.0,
        40.0,
        23.0,
        500.0,
        175.0,
        500.0,
        482.0,
        7.0,
        500.0,
        31.0,
        500.0,
        3.0,
        500.0,
        124.0,
        232.0,
        500.0,
        500.0,
        500.0,
        107.0,
        30.0,
        36.0,
        113.0,
        500.0,
        43.0,
        500.0,
        140.0,
        17.0,
        53.0,
        189.0,
        500.0,
        88.0,
        142.0,
        500.0,
        500.0,
        31.0,
        23.0,
        500.0,
        62.0,
        308.0,
        500.0,
        500.0,
        67.0,
        205.0,
        500.0,
        111.0,
        500.0
      ]
    },
    "1": {
      "Successes": [
        false,
        true,
        true,
        true,
        true,
        true,
        true,
        true,
        false,
        false,
        true,
        false,
        true,
        true,
        true,
        false,
        true,
        false,
        true,
        false,
        false,
        true,
        true,
        true,
        false,
        false,
        true,
        false,
        true,
        true,
        true,
        true,
        true,
        true,
        true,
        true,
        false,
        true,
        true,
        true,
        false,
        true,
        false,
        false,
        false,
        false,
        false,
        true,
        false,
        true
      ],
      "Steps": [
        500.0,
        136.0,
        106.0,
        5.0,
        29.0,
        10.0,
        65.0,
        8.0,
        500.0,
        500.0,
        11.0,
        500.0,
        210.0,
        172.0,
        159.0,
        500.0,
        86.0,
        500.0,
        179.0,
        500.0,
        500.0,
        301.0,
        32.0,
        35.0,
        500.0,
        500.0,
        44.0,
        500.0,
        165.0,
        21.0,
        55.0,
        78.0,
        193.0,
        76.0,
        169.0,
        275.0,
        500.0,
        36.0,
        27.0,
        14.0,
        500.0,
        74.0,
        500.0,
        500.0,
        500.0,
        500.0,
        500.0,
        230.0,
        500.0,
        179.0
      ]
    },
    "2": {
      "Successes": [
        true,
        true,
        true,
        true,
        true,
        false,
        true,
        true,
        false,
        true,
        false,
        true,
        true,
        false,
        true,
        false,
        false,
        false,
        false,
        false,
        true,
        true,
        true,
        false,
        false,
        true,
        false,
        true,
        true,
        true,
        true,
        true,
        true,
        true,
        true,
        true,
        true,
        true,
        true,
        true,
        true,
        true,
        false,
        true,
        true,
        true,
        false,
        false,
        true,
        true
      ],
      "Steps": [
        8.0,
        37.0,
        7.0,
        28.0,
        11.0,
        500.0,
        166.0,
        322.0,
        500.0,
        8.0,
        500.0,
        21.0,
        120.0,
        500.0,
        132.0,
        500.0,
        500.0,
        500.0,
        500.0,
        500.0,
        62.0,
        30.0,
        34.0,
        500.0,
        500.0,
        43.0,
        500.0,
        57.0,
        328.0,
        52.0,
        206.0,
        300.0,
        73.0,
        144.0,
        133.0,
        338.0,
        41.0,
        23.0,
        376.0,
        258.0,
        316.0,
        9.0,
        500.0,
        291.0,
        113.0,
        267.0,
        500.0,
        500.0,
        178.0,
        154.0
      ]
    },
    "3": {
      "Successes": [
        true,
        true,
        true,
        true,
        true,
        true,
        false,
        false,
        true,
        false,
        true,
        true,
        true,
        true,
        true,
        false,
        true,
        false,
        false,
        true,
        true,
        true,
        false,
        true,
        true,
        false,
        true,
        true,
        true,
        true,
        false,
        true,
        true,
        true,
        false,
        true,
        true,
        false,
        true,
        true,
        true,
        false,
        false,
        true,
        true,
        false,
        false,
        true,
        true,
        true
      ],
      "Steps": [
        25.0,
        5.0,
        26.0,
        40.0,
        457.0,
        8.0,
        500.0,
        500.0,
        12.0,
        500.0,
        36.0,
        470.0,
        2.0,
        90.0,
        106.0,
        500.0,
        378.0,
        500.0,
        500.0,
        341.0,
        30.0,
        38.0,
        500.0,
        8.0,
        43.0,
        500.0,
        95.0,
        84.0,
        55.0,
        189.0,
        500.0,
        111.0,
        346.0,
        105.0,
        500.0,
        30.0,
        22.0,
        500.0,
        161.0,
        204.0,
        10.0,
        500.0,
        500.0,
        128.0,
        168.0,
        500.0,
        500.0,
        170.0,
        136.0,
        16.0
      ]
    },
    "4": {
      "Successes": [
        true,
        true,
        true,
        false,
        true,
        false,
        true,
        true,
        true,
        true,
        false,
        true,
        true,
        true,
        false,
        false,
        false,
        false,
        true,
        false,
        true,
        false,
        false,
        true,
        false,
        true,
        true,
        true,
        true,
        true,
        true,
        false,
        true,
        true,
        true,
        true,
        false,
        true,
        true,
        true,
        false,
        false,
        false,
        false,
        false,
        false,
        true,
        true,
        true,
        true
      ],